file,exercise,label,subject,view,note
subject_001_squat_good_side.mp4,squats,correct,001,side,
subject_001_squat_bad_side.mp4,squats,incorrect,001,side,
subject_004_squat_good_side.mp4,squats,correct,004,side,
subject_004_squat_bad_side.mp4,squats,incorrect,004,side,
subject_005_squat_good_side.mp4,squats,correct,005,side,
subject_005_squat_bad_side.mp4,squats,incorrect,005,side,
subject_018_squat_good_side.mp4,squats,correct,018,side,
subject_018_squat_bad_side.mp4,squats,incorrect,018,side,
subject_020_squat_good_side.mp4,squats,correct,020,side,
subject_020_squat_bad_side.mp4,squats,incorrect,020,side,
subject_022_squat_good_side.mp4,squats,correct,022,side,
subject_022_squat_bad_side.mp4,squats,incorrect,022,side,
subject_001_bicep_curl_good_side.mp4,bicep_curl,correct,001,side,
subject_001_bicep_curl_bad_side.mp4,bicep_curl,incorrect,001,side,
subject_004_bicep_curl_good_side.mp4,bicep_curl,correct,004,side,
subject_004_bicep_curl_bad_side.mp4,bicep_curl,incorrect,004,side,
subject_005_bicep_curl_good_side.mp4,bicep_curl,correct,005,side,
subject_005_bicep_curl_bad_side.mp4,bicep_curl,incorrect,005,side,
subject_018_bicep_curl_good_side.mp4,bicep_curl,correct,018,side,
subject_018_bicep_curl_bad_side.mp4,bicep_curl,incorrect,018,side,
subject_020_bicep_curl_good_side.mp4,bicep_curl,correct,020,side,
subject_020_bicep_curl_bad_side.mp4,bicep_curl,incorrect,020,side,
subject_022_bicep_curl_good_side.mp4,bicep_curl,correct,022,side,
subject_022_bicep_curl_bad_side.mp4,bicep_curl,incorrect,022,side,
